{"dataset_name":"dataset_conflicts_1-1_wildcard_preds_subsample-2000_recreated","pattern_eval_config_id":"conflicts_2-1_preds_semsim-fix_wildcard","num_samples":2000,"num_positive":599,"num_negative":1401,"semsim_configs":null,"ref_words":["accuse","arrest","clash","condemn","kill","slam","warn"],"ref_edges":null,"symbolic_eval_score":null,"semsim_eval_scores":{"0.0":{"precision":0.3691786621507197,"recall":0.7278797996661102,"f1":0.4898876404494382},"0.05":{"precision":0.29848484848484846,"recall":0.986644407345576,"f1":0.45831717720046533},"0.1":{"precision":0.3064171122994652,"recall":0.9565943238731218,"f1":0.4641555285540705},"0.15":{"precision":0.3316519546027743,"recall":0.8781302170283807,"f1":0.48146453089244856},"0.2":{"precision":0.3691786621507197,"recall":0.7278797996661102,"f1":0.4898876404494382},"0.25":{"precision":0.43088418430884184,"recall":0.5776293823038398,"f1":0.49358059914407987},"0.3":{"precision":0.514760147601476,"recall":0.4657762938230384,"f1":0.4890446976336547},"0.35":{"precision":0.5840220385674931,"recall":0.35392320534223703,"f1":0.4407484407484407},"0.4":{"precision":0.6321428571428571,"recall":0.29549248747913187,"f1":0.40273037542662116},"0.45":{"precision":0.6454183266932271,"recall":0.2704507512520868,"f1":0.3811764705882353},"0.5":{"precision":0.705,"recall":0.2353923205342237,"f1":0.3529411764705882},"0.55":{"precision":0.7314285714285714,"recall":0.21368948247078465,"f1":0.330749354005168},"0.6":{"precision":0.7261146496815286,"recall":0.19031719532554256,"f1":0.30158730158730157},"0.65":{"precision":0.788135593220339,"recall":0.15525876460767946,"f1":0.2594142259414226},"0.7":{"precision":0.7578947368421053,"recall":0.12020033388981637,"f1":0.20749279538904902},"0.75":{"precision":0.7746478873239436,"recall":0.09181969949916527,"f1":0.16417910447761191},"0.8":{"precision":0.6888888888888889,"recall":0.05175292153589316,"f1":0.09627329192546584},"0.85":{"precision":0.6888888888888889,"recall":0.05175292153589316,"f1":0.09627329192546584},"0.9":{"precision":0.6888888888888889,"recall":0.05175292153589316,"f1":0.09627329192546584},"0.95":{"precision":0.6888888888888889,"recall":0.05175292153589316,"f1":0.09627329192546584},"1.0":{"precision":0.65,"recall":0.04340567612687813,"f1":0.081377151799687}}}