{"dataset_name":"dataset_conflicts_1-1_wildcard_preds_subsample-2000_recreated","pattern_eval_config_id":"conflicts_2-3_preds_semsim-ctx_wildcard","num_samples":2000,"num_positive":599,"num_negative":1401,"semsim_configs":null,"ref_words":null,"ref_edges":[[["accuses/Pd.so.|f--3s-/en"],[["’s/Bp.am/en"],["ukraine/Cp.s/en"],["opposition/Cp.s/en"]],[["of/Br.ma/en"],["government/Cp.s/en"],[["+/B.am/."],["provoking/Cp.s/en"],["violence/Cp.s/en"]]]]],"symbolic_eval_score":null,"semsim_eval_scores":{"0.0":{"precision":0.3754361479413817,"recall":0.8981636060100167,"f1":0.5295275590551181},"0.05":{"precision":0.2995,"recall":1.0,"f1":0.46094651789149665},"0.1":{"precision":0.2995,"recall":1.0,"f1":0.46094651789149665},"0.15":{"precision":0.2995,"recall":1.0,"f1":0.46094651789149665},"0.2":{"precision":0.2995,"recall":1.0,"f1":0.46094651789149665},"0.25":{"precision":0.2995,"recall":1.0,"f1":0.46094651789149665},"0.3":{"precision":0.2995,"recall":1.0,"f1":0.46094651789149665},"0.35":{"precision":0.2995,"recall":1.0,"f1":0.46094651789149665},"0.4":{"precision":0.2995,"recall":1.0,"f1":0.46094651789149665},"0.45":{"precision":0.2995,"recall":1.0,"f1":0.46094651789149665},"0.5":{"precision":0.2995,"recall":1.0,"f1":0.46094651789149665},"0.55":{"precision":0.2995,"recall":1.0,"f1":0.46094651789149665},"0.6":{"precision":0.3074150360453141,"recall":0.996661101836394,"f1":0.46989374262101535},"0.65":{"precision":0.3754361479413817,"recall":0.8981636060100167,"f1":0.5295275590551181},"0.7":{"precision":0.531062124248497,"recall":0.44240400667779634,"f1":0.482695810564663},"0.75":{"precision":0.6909090909090909,"recall":0.06343906510851419,"f1":0.11620795107033638},"0.8":{"precision":0.875,"recall":0.011686143572621035,"f1":0.02306425041186162},"0.85":{"precision":1.0,"recall":0.00333889816360601,"f1":0.0066555740432612314},"0.9":{"precision":1.0,"recall":0.001669449081803005,"f1":0.0033333333333333335},"0.95":{"precision":1.0,"recall":0.001669449081803005,"f1":0.0033333333333333335},"1.0":{"precision":1.0,"recall":0.001669449081803005,"f1":0.0033333333333333335}}}