{"dataset_name":"dataset_conflicts_1-1_wildcard_preds_subsample-2000_recreated","pattern_eval_config_id":"conflicts_2-3_preds_semsim-ctx_wildcard","num_samples":2000,"num_positive":599,"num_negative":1401,"semsim_configs":null,"ref_words":null,"ref_edges":[[["attacks/Pd.so.|f--3s-/en"],[["+/B.am/."],["israeli/Cp.s/en"],[["+/B.am/."],["air/Cp.s/en"],["force/Cp.s/en"]]],[["+/B.am/."],[["+/B.am/."],["assad/Cp.s/en"],["army/Cc.s/en"]],["targets/Cc.p/en"]]]],"symbolic_eval_score":null,"semsim_eval_scores":{"0.0":{"precision":0.35255135851557323,"recall":0.8881469115191987,"f1":0.5047438330170778},"0.05":{"precision":0.2995,"recall":1.0,"f1":0.46094651789149665},"0.1":{"precision":0.2995,"recall":1.0,"f1":0.46094651789149665},"0.15":{"precision":0.2995,"recall":1.0,"f1":0.46094651789149665},"0.2":{"precision":0.2995,"recall":1.0,"f1":0.46094651789149665},"0.25":{"precision":0.2995,"recall":1.0,"f1":0.46094651789149665},"0.3":{"precision":0.2995,"recall":1.0,"f1":0.46094651789149665},"0.35":{"precision":0.2995,"recall":1.0,"f1":0.46094651789149665},"0.4":{"precision":0.2995,"recall":1.0,"f1":0.46094651789149665},"0.45":{"precision":0.2995,"recall":1.0,"f1":0.46094651789149665},"0.5":{"precision":0.2995,"recall":1.0,"f1":0.46094651789149665},"0.55":{"precision":0.2995,"recall":1.0,"f1":0.46094651789149665},"0.6":{"precision":0.3017632241813602,"recall":1.0,"f1":0.46362229102167185},"0.65":{"precision":0.35255135851557323,"recall":0.8881469115191987,"f1":0.5047438330170778},"0.7":{"precision":0.4860557768924303,"recall":0.4073455759599332,"f1":0.44323342415985467},"0.75":{"precision":0.5631067961165048,"recall":0.09682804674457429,"f1":0.16524216524216523},"0.8":{"precision":0.85,"recall":0.028380634390651086,"f1":0.05492730210016155},"0.85":{"precision":1.0,"recall":0.00667779632721202,"f1":0.013266998341625208},"0.9":{"precision":1.0,"recall":0.001669449081803005,"f1":0.0033333333333333335},"0.95":{"precision":1.0,"recall":0.001669449081803005,"f1":0.0033333333333333335},"1.0":{"precision":0.0,"recall":0.0,"f1":0.0}}}