{"dataset_name":"dataset_conflicts_1-1_wildcard_preds_subsample-2000_recreated","pattern_eval_config_id":"conflicts_2-3_preds_semsim-ctx_wildcard","num_samples":2000,"num_positive":599,"num_negative":1401,"semsim_configs":null,"ref_words":null,"ref_edges":[[["suspends/Pd.so.|f--3s-/en"],["turkey/Cp.s/en"],[["15,200/M#/en"],[["+/B.am/."],["education/Cc.s/en"],["staff/Cc.s/en"]]]]],"symbolic_eval_score":null,"semsim_eval_scores":{"0.0":{"precision":0.32978093546477205,"recall":0.9298831385642737,"f1":0.4868881118881118},"0.05":{"precision":0.2995,"recall":1.0,"f1":0.46094651789149665},"0.1":{"precision":0.2995,"recall":1.0,"f1":0.46094651789149665},"0.15":{"precision":0.2995,"recall":1.0,"f1":0.46094651789149665},"0.2":{"precision":0.2995,"recall":1.0,"f1":0.46094651789149665},"0.25":{"precision":0.2995,"recall":1.0,"f1":0.46094651789149665},"0.3":{"precision":0.2995,"recall":1.0,"f1":0.46094651789149665},"0.35":{"precision":0.2995,"recall":1.0,"f1":0.46094651789149665},"0.4":{"precision":0.2995,"recall":1.0,"f1":0.46094651789149665},"0.45":{"precision":0.2995,"recall":1.0,"f1":0.46094651789149665},"0.5":{"precision":0.2995,"recall":1.0,"f1":0.46094651789149665},"0.55":{"precision":0.2995,"recall":1.0,"f1":0.46094651789149665},"0.6":{"precision":0.3005025125628141,"recall":0.998330550918197,"f1":0.46195442255697183},"0.65":{"precision":0.32978093546477205,"recall":0.9298831385642737,"f1":0.4868881118881118},"0.7":{"precision":0.4312210200927357,"recall":0.4657762938230384,"f1":0.44783306581059396},"0.75":{"precision":0.4891304347826087,"recall":0.07512520868113523,"f1":0.13024602026049203},"0.8":{"precision":0.75,"recall":0.005008347245409015,"f1":0.009950248756218905},"0.85":{"precision":1.0,"recall":0.001669449081803005,"f1":0.0033333333333333335},"0.9":{"precision":1.0,"recall":0.001669449081803005,"f1":0.0033333333333333335},"0.95":{"precision":1.0,"recall":0.001669449081803005,"f1":0.0033333333333333335},"1.0":{"precision":0.0,"recall":0.0,"f1":0.0}}}