{"dataset_name":"dataset_conflicts_1-1_wildcard_preds_subsample-2000_recreated","pattern_eval_config_id":"conflicts_2-3_preds_semsim-ctx_wildcard","num_samples":2000,"num_positive":599,"num_negative":1401,"semsim_configs":null,"ref_words":null,"ref_edges":[[["left/Pd.so.<f-----/en"],[["on/Br.ma/en"],[["by/Br.ma/en"],[["'s/Bp.am/en"],["thursday/Cp.s/en"],["attack/Cc.s/en"]],[["armed/Ma/en"],["youths/Cc.p/en"]]],[["in/Br.ma/en"],[["the/Md/en"],["base/Cc.s/en"]],["bor/Cp.s/en"]]],[[[["at/M/en"],["least/M^/en"]],["58/M#/en"]],[["+/B.mm/."],["dead/Ca/en"],[["+/B.mm/."],["including/C/en"],["children/Cc.p/en"]]]]]],"symbolic_eval_score":null,"semsim_eval_scores":{"0.0":{"precision":0.43155452436194897,"recall":0.3105175292153589,"f1":0.3611650485436893},"0.05":{"precision":0.2995,"recall":1.0,"f1":0.46094651789149665},"0.1":{"precision":0.2995,"recall":1.0,"f1":0.46094651789149665},"0.15":{"precision":0.2995,"recall":1.0,"f1":0.46094651789149665},"0.2":{"precision":0.2995,"recall":1.0,"f1":0.46094651789149665},"0.25":{"precision":0.2995,"recall":1.0,"f1":0.46094651789149665},"0.3":{"precision":0.2995,"recall":1.0,"f1":0.46094651789149665},"0.35":{"precision":0.2995,"recall":1.0,"f1":0.46094651789149665},"0.4":{"precision":0.2995,"recall":1.0,"f1":0.46094651789149665},"0.45":{"precision":0.2995,"recall":1.0,"f1":0.46094651789149665},"0.5":{"precision":0.2995,"recall":1.0,"f1":0.46094651789149665},"0.55":{"precision":0.31648936170212766,"recall":0.993322203672788,"f1":0.48003227107704727},"0.6":{"precision":0.38310580204778155,"recall":0.7495826377295493,"f1":0.5070581592320722},"0.65":{"precision":0.43155452436194897,"recall":0.3105175292153589,"f1":0.3611650485436893},"0.7":{"precision":0.47413793103448276,"recall":0.09181969949916527,"f1":0.15384615384615385},"0.75":{"precision":0.35,"recall":0.011686143572621035,"f1":0.022617124394184167},"0.8":{"precision":0.6666666666666666,"recall":0.00333889816360601,"f1":0.00664451827242525},"0.85":{"precision":1.0,"recall":0.001669449081803005,"f1":0.0033333333333333335},"0.9":{"precision":1.0,"recall":0.001669449081803005,"f1":0.0033333333333333335},"0.95":{"precision":1.0,"recall":0.001669449081803005,"f1":0.0033333333333333335},"1.0":{"precision":0.0,"recall":0.0,"f1":0.0}}}