{"dataset_name":"dataset_conflicts_1-1_wildcard_preds_subsample-2000_recreated","pattern_eval_config_id":"conflicts_2-3_preds_semsim-ctx_wildcard","num_samples":2000,"num_positive":599,"num_negative":1401,"semsim_configs":null,"ref_words":null,"ref_edges":[[["wounds/Pd.so.|f--3s-/en"],[["israeli/Ma/en"],["gunfire/Cc.s/en"]],[["+/B.mm/."],[["+/B.am/."],["gaza/Cp.s/en"],["fisherman/Cc.s/en"]],["ministry/Cc.s/en"]]]],"symbolic_eval_score":null,"semsim_eval_scores":{"0.0":{"precision":0.3865546218487395,"recall":0.7679465776293823,"f1":0.5142537730575741},"0.05":{"precision":0.2995,"recall":1.0,"f1":0.46094651789149665},"0.1":{"precision":0.2995,"recall":1.0,"f1":0.46094651789149665},"0.15":{"precision":0.2995,"recall":1.0,"f1":0.46094651789149665},"0.2":{"precision":0.2995,"recall":1.0,"f1":0.46094651789149665},"0.25":{"precision":0.2995,"recall":1.0,"f1":0.46094651789149665},"0.3":{"precision":0.2995,"recall":1.0,"f1":0.46094651789149665},"0.35":{"precision":0.2995,"recall":1.0,"f1":0.46094651789149665},"0.4":{"precision":0.2995,"recall":1.0,"f1":0.46094651789149665},"0.45":{"precision":0.2995,"recall":1.0,"f1":0.46094651789149665},"0.5":{"precision":0.2995,"recall":1.0,"f1":0.46094651789149665},"0.55":{"precision":0.29964982491245623,"recall":1.0,"f1":0.46112394149345654},"0.6":{"precision":0.3051109963861642,"recall":0.986644407345576,"f1":0.4660883280757098},"0.65":{"precision":0.3865546218487395,"recall":0.7679465776293823,"f1":0.5142537730575741},"0.7":{"precision":0.5103092783505154,"recall":0.1652754590984975,"f1":0.2496847414880202},"0.75":{"precision":0.7777777777777778,"recall":0.02337228714524207,"f1":0.04538087520259319},"0.8":{"precision":1.0,"recall":0.00333889816360601,"f1":0.0066555740432612314},"0.85":{"precision":1.0,"recall":0.001669449081803005,"f1":0.0033333333333333335},"0.9":{"precision":1.0,"recall":0.001669449081803005,"f1":0.0033333333333333335},"0.95":{"precision":1.0,"recall":0.001669449081803005,"f1":0.0033333333333333335},"1.0":{"precision":0.0,"recall":0.0,"f1":0.0}}}